[
    {
        "name": "Jay Cutler",
        "description": "Jay Cutler was known for his mass and width he is the only person ever to lose the Olympia title and come back.",
        "img_location": "assets/Jay.png",
        "Stats": [
            {"stat": "Height", "measurement": "5 ft 10 in (178 cm)"},
            {"stat": "Off-season weight", "measurement": "290–310 pounds (132–141 kg)"},
            {"stat": "Competition weight", "measurement": "260–275 pounds (118–125 kg)"},
            {"stat": "Upper arms", "measurement": "22 in (56 cm)"},
            {"stat": "Chest", "measurement": "58 in (150 cm)"},
            {"stat": "Thighs", "measurement": "30 in (76 cm)"},
            {"stat": "Waist", "measurement": "34 in (86 cm)"},
            {"stat": "Calves", "measurement": "20 in (51 cm)"}
        ],
        "awards": [
            {"year": 2006, "title": "Mr.Olympia"},
            {"year": 2007, "title": "Mr.Olympia"},
            {"year": 2009, "title": "Mr.Olympia"},
            {"year": 2010, "title": "Mr.Olympia"}
        ]
    },
    {
        "name": "Ronnie Coleman",
        "description": "Ronnie Coleman is often regarded as the GOAT of bodybuilding bringing both superior mass while maintaining his aesthetics.",
        "img_location": "assets/Ronnie.png",
        "Stats": [
            {"stat": "Height", "measurement": "5 ft 11 in (178 cm)"},
            {"stat": "Off-season weight", "measurement": "315-330 pounds (143-150 kg)"},
            {"stat": "Competition weight", "measurement": "287-300 pounds (130–136 kg)"},
            {"stat": "Upper arms", "measurement": "24 in (56 cm)"},
            {"stat": "Chest", "measurement": "60 in (150 cm)"},
            {"stat": "Thighs", "measurement": "36 in (76 cm)"},
            {"stat": "Waist", "measurement": "34 in (86 cm)"},
            {"stat": "Calves", "measurement": "20 in (51 cm)"}
        ],
        "awards": [
            {"year": 1998, "title": "Mr.Olympia"},
            {"year": 1999, "title": "Mr.Olympia"},
            {"year": 2000, "title": "Mr.Olympia"},
            {"year": 2001, "title": "Mr.Olympia"},
            {"year": 2002, "title": "Mr.Olympia"},
            {"year": 2003, "title": "Mr.Olympia"},
            {"year": 2004, "title": "Mr.Olympia"},
            {"year": 2005, "title": "Mr.Olympia"}
        ]
    },
    {
        "name": "Dorian Yates",
        "description": "Dorian Yates was the first real mass monster bringing not only superior size but crazy conditioning. He is the reason the term grainy became used in bodybuilding.",
        "img_location": "assets/Dorian.png",
        "Stats": [
            {"stat": "Height", "measurement": "5 ft 11 in (178 cm)"},
            {"stat": "Competition weight", "measurement": "265-275 (120–125 kg)"},
            {"stat": "Upper arms", "measurement": "21 in (53 cm)"},
            {"stat": "Chest", "measurement": "55 in (140 cm)"},
            {"stat": "Thighs", "measurement": "30 in (76 cm)"},
            {"stat": "Waist", "measurement": "34 in (86 cm)"},
            {"stat": "Calves", "measurement": "22 in (55 cm)"}
        ],
        "awards": [
            {"year": 1992, "title": "Mr.Olympia"},
            {"year": 1993, "title": "Mr.Olympia"},
            {"year": 1994, "title": "Mr.Olympia"},
            {"year": 1995, "title": "Mr.Olympia"},
            {"year": 1996, "title": "Mr.Olympia"},
            {"year": 1997, "title": "Mr.Olympia"}
        ]
    },
    {
        "name": "Lee Haney",
        "description": "Lee Haney was known for his symmetry and proportions, some have called him the perfect man.",
        "img_location": "assets/Lee.png",
        "Stats": [
            {"stat": "Height", "measurement": "5 ft 11 in (178 cm)"},
            {"stat": "Off-season weight", "measurement": "275-280 pounds (125-129 kg)"},
            {"stat": "Competition weight", "measurement": "230-260 pounds (104-118 kg)"},
            {"stat": "Upper arms", "measurement": "22 in (56 cm)"},
            {"stat": "Chest", "measurement": "58 in (150 cm)"},
            {"stat": "Thighs", "measurement": "30 in (76 cm)"},
            {"stat": "Waist", "measurement": "34 in (86 cm)"},
            {"stat": "Calves", "measurement": "20 in (51 cm)"}
        ],
        "awards": [
            {"year": 1984, "title": "Mr.Olympia"},
            {"year": 1985, "title": "Mr.Olympia"},
            {"year": 1986, "title": "Mr.Olympia"},
            {"year": 1987, "title": "Mr.Olympia"},
            {"year": 1988, "title": "Mr.Olympia"},
            {"year": 1989, "title": "Mr.Olympia"},
            {"year": 1990, "title": "Mr.Olympia"},
            {"year": 1991, "title": "Mr.Olympia"}
        ]
    },
    {
        "name": "Phil Heath",
        "description": "Phil Heath rose to fame in large part due to his round muscle bellies, this genetic blessing is how he earned his nickname The Gift.",
        "img_location": "assets/Phil.png",
        "Stats": [
            {"stat": "Height", "measurement": "5 ft 9 in (175 cm)"},
            {"stat": "Off-season weight", "measurement": "290–310 pounds (132–141 kg)"},
            {"stat": "Competition weight", "measurement": "260–275 pounds (118–125 kg)"}
        ],
        "awards": [
            {"year": 2011, "title": "Mr.Olympia"},
            {"year": 2012, "title": "Mr.Olympia"},
            {"year": 2013, "title": "Mr.Olympia"},
            {"year": 2014, "title": "Mr.Olympia"},
            {"year": 2015, "title": "Mr.Olympia"},
            {"year": 2016, "title": "Mr.Olympia"},
            {"year": 2017, "title": "Mr.Olympia"}
        ]
    }
]
